{
  "T": {
    "type": "Tensor",
    "shape": [
      5,
      5
    ],
    "min": 2.2516883018457235e-40,
    "max": 0.9438776543347331,
    "mean": 0.20000000000000004,
    "sample": [
      0.9438776543347331,
      0.05267728239943683,
      0.0013404607222363217,
      0.002104602543593771,
      2.2516883018457235e-40
    ]
  },
  "E": {
    "type": "Tensor",
    "shape": [
      5,
      20
    ],
    "min": 1.4805013599558757e-228,
    "max": 0.4443247503283244,
    "mean": 0.05,
    "sample": [
      0.15901125613801959,
      0.15129699149833353,
      0.11229573533908131,
      0.11981201371643826,
      0.08964415173758161
    ]
  },
  "T0": {
    "type": "Tensor",
    "shape": [
      5
    ],
    "min": 0.0,
    "max": 1.0,
    "mean": 0.2,
    "sample": [
      4.05766112127518e-86,
      1.2799315691791206e-36,
      1.0,
      1.0977276472085344e-96,
      0.0
    ]
  },
  "S": "<class 'int'>",
  "O": "<class 'int'>",
  "prob_state_1": "<class 'list'>"
}